{"cameraMode":{"drawMode":0,"name":"Shaded","section":"Shading Mode"},"sceneLighting":true,"audioPlay":false,"sceneViewState":{"showFog":true,"showMaterialUpdate":false,"showSkybox":true,"showFlares":true,"showImageEffects":true,"showParticleSystems":true},"in2DMode":false,"pivot":{"x":-0.41896650195121767,"y":1.4387794733047486,"z":-7.366827011108398},"rotation":{"x":-0.13785260915756226,"y":0.015448926016688347,"z":-0.0021527749486267568,"w":-0.9903348684310913},"size":0.5926049947738648,"orthographic":false}