{"cameraMode":{"drawMode":0,"name":"Shaded","section":"Shading Mode"},"sceneLighting":true,"audioPlay":false,"sceneViewState":{"showFog":true,"showMaterialUpdate":false,"showSkybox":true,"showFlares":true,"showImageEffects":true,"showParticleSystems":true},"in2DMode":false,"pivot":{"x":-0.8763890862464905,"y":2.635247230529785,"z":-5.125699043273926},"rotation":{"x":-0.5589786767959595,"y":-0.19046756625175477,"z":0.13376875221729279,"w":-0.7958523035049439},"size":-0.5926049947738648,"orthographic":false}